# 科目|考点|补充必背（用^^分条）|易混易错|理解速记；复习优先级不代表考试命题频率，例子为辅助理解。
科目一|金融市场五要素|主体按动机还可分筹资者、投资者、投机者、套期保值者、套利者和调控监管者。政府与企业通常是需求方，个人通常是供给方。^^交易价格是资金融通的对价：借贷看利率，证券竞价按价格优先、时间优先，开放式基金申赎一般按未知价。|主体身份随交易改变；个人借款也是需求方，企业投资闲置资金也是供给方。套保为对冲风险，投机为获取价格波动收益。|用“谁交易、交易什么、什么价格、怎样交易、谁做中介”还原五要素，看到案例先逐项定位。
科目一|金融工具、资产与产品|金融工具强调标准化、可交易的基础单元，如股票、债券、期货合约；金融资产强调持有者的权利与未来收益。^^金融产品强调为客户需求设计的组合或服务，一个产品可包含多个金融工具；基金可持有股票、债券等资产。|同一对象可以从不同角度归入不同概念，三者不是相互排斥的分类；购买了产品不等于获得保本承诺。|例如一只股票是工具；某投资者持有的股票是其金融资产；把多种股票组合为基金则体现产品设计。
科目一|市场分类与功能|货币市场通常融通不超过1年的短期资金，包括拆借、回购、票据、大额可转让存单；资本市场融通1年以上或无固定期限资金。^^按交割期限分现货与期货、衍生品市场；按地域分国内与国际。资金融通是最基本功能，价格发现源于供需形成价格。|直接融资中即使有证券公司承销，也不等于银行存贷式间接融资；“基金是间接投资工具”与融资分类不是同一维度。|先找分类依据再找品种：期限→货币/资本；资金关系→直接/间接；交割→现货/远期；六功能记“融、价、配、险、效、映”。
科目一|受托管理与信义义务|资产管理接受投资者委托，围绕约定目标、范围和策略管理财产；忠实义务要求客户利益优先，谨慎勤勉义务要求专业尽责。^^管理人与托管人按分工履职，投资风险由投资者承担，但机构因违法违约造成的损失不能简单推给投资者。|“买者自负”不免除适当性、风险揭示和勤勉义务；尽责不等于必须盈利，正常市场损失不自动等于失职。|案例判断先问“有没有尽责”，再问“损失由什么造成”；把卖者责任与市场风险分开分析。
科目一|资管机构与发展|银行理财、保险资管、信托、证券期货资管、公募与私募基金等具有不同业务资格、服务对象及产品规则。^^发展主线是从早期探索、多层次扩张走向统一规范与高质量发展；公募基金管理业务需经证监会批准。|机构的牌照、管理人的资格和产品的注册备案是不同层次；不能因为同属资管行业就套用同一门槛和监管规则。|记忆采用“机构—业务—产品—监管”四列；做主体题时先识别它以什么身份开展哪项业务。
科目一|养老与REITs机遇|第一支柱为基本养老保险；第二支柱为企业年金、职业年金；第三支柱包括个人养老金及商业养老保险。^^基础设施REITs把缺乏流动性的存量基础设施转化为可投资的金融产品，有助于回收资金再投入新项目。|养老三支柱按保障体系区分，不能把企业年金放进个人养老金；REITs并非银行存款，也不保证分红或本金。|记“基本—单位补充—个人补充”；REITs记“盘活存量、形成循环”，同时留意项目运营与现金流风险。
科目一|基金分类标准|契约型依基金合同设立，公司型依公司组织形式设立，合伙型依合伙协议设立；主动策略力求超越基准，被动策略力求跟踪基准。^^开放式份额可变并按规定申赎，封闭式份额在存续期内相对固定；公募与私募的核心区别是募集对象和募集方式。|“上市”不等于“封闭式”：ETF、LOF也可上市。法律形式、运作方式、投资策略不能混成一组分类。|同一基金可以同时具有“公募、契约型、开放式、股票型、被动型”等标签；每个标签回答一个不同问题。
科目一|财产独立性|基金财产单独管理、单独记账，管理人、托管人的固有债务不得由基金财产承担；不同基金之间也应分别管理。^^基金财产不属于管理人或托管人的清算财产，不能用它抵销管理人、托管人的固有债务。|独立会计主体不等于独立法人；独立托管也不意味着托管人拥有基金财产或保证投资收益。|记“谁管理≠谁所有，谁托管≠谁担保”；把自有财产、基金A、基金B想成三本不能混用的账。
科目一|与其他金融品种比较|股票持有人是股东、债券持有人是债权人，基金持有人按份额分享组合收益与风险；基金通常通过组合分散个别证券风险。^^存款主要形成存款人与银行之间的债权债务关系；银行理财按实际投资收益运作，保险强调风险保障并依合同给付。|基金不是存款，不保证固定收益；“基金风险一定低于任何股票或债券”过于绝对，应结合具体基金投向判断。|比较题固定看四项：法律关系、资金投向、收益来源、风险承担。先看产品实质，再看销售渠道。
科目一|运作环节与当事人|持有人出资、享受收益并承担风险；管理人负责投资运作；托管人负责保管、清算交割、复核与监督。^^销售、登记、估值核算、律师和会计师等提供专业服务；监管机构与自律组织负责监管或自律，不是基金合同三方当事人。|基金销售机构不是当然的基金管理人；登记机构记录份额不等于负责投资决策，托管人监督不取代管理人投资。|流程串记“募集→投资运作→估值披露→收益分配→终止清算”，每一步都能指出主要责任主体。
科目一|持有人大会规则|达到法定条件的事项由持有人大会决策，不得就未经公告的事项表决；会议可以现场、通讯等方式召开。^^一般决议以参会表决权1/2以上通过；特别决议以2/3以上通过，转换运作方式、更换管理人或托管人、提前终止合同、合并等注意特别决议要求。|召开门槛的分母是基金总份额，决议门槛的分母是参会表决权；不能把“参加过半”和“赞成过半”当成同一个条件。|算例：总份额100，60参会，普通事项至少30赞成，特别事项至少40赞成；同时检查是否属于依法或依约无需开会的例外。
科目一|大会再次召集|重新召集限于原定审议事项；时间窗是原定召开时间3个月以后、6个月以内，参加门槛降至总份额1/3以上。^^重新召集放宽的是会议参加份额门槛，不是一般决议或特别决议的表决通过比例。|不要把重新召集参加门槛1/3记为特别决议通过门槛；也不能理解为首次未成会就可立即重新开会。|对照背：首次1/2、重召1/3；重召时间3至6个月；普通表决1/2、特别表决2/3。
科目一|基金起源和发展|英国是证券投资基金发源地，美国推动现代共同基金发展；1868年与1924年对应不同历史节点。^^中国基金业发展要区分早期探索、规范化发展与后续创新；公募与私募的制度演进不能只按同一时间线套用。|“最早基金”与“第一只开放式公司型基金”问法不同；2007年基金公司会员部与2012年基金业协会成立也不是同一事件。|按“国家—年份—机构—意义”记历史；1868英国起源、1924美国现代开放式代表，不只背年份。
科目一|基金行业作用|公募以较低门槛和专业管理提供居民理财渠道，机构投资者参与有助于提高市场定价效率并服务直接融资。^^私募股权、创业投资基金为企业提供长期资本和经营支持，推动科技创新、产业升级和企业成长。|“稳定市场”不等于能消除市场下跌；行业作用是总体经济功能，不是对某只基金未来业绩的承诺。|将作用对应三方：居民获得渠道、企业获得资金、市场获得专业定价和长期资本。
科目一|法律效力层级|全国人大及其常委会制定法律，国务院制定行政法规；证监会等部门在权限内制定部门规章和规范性文件。^^自律组织依法律和章程制定规则，机构内部制度落实外部要求；遇不同规定应先辨认制定主体、效力层级及适用范围。|协会规则不是行政法规，证监会文件也不全部都是法律；文件名字含“办法”不足以判断它的效力层级。|判断题先圈制定机关，再看文件形式与权限。记“人大法律、国务院行政法规、部门规章、行业自律”。
科目一|法律适用与规则体系|基金法围绕基金募集、运作、管理托管、持有人权利和监督管理形成制度框架；双受托人机制把管理与托管职责分开。^^不同法律关注不同问题：基金法关注基金业务，公司法或合伙企业法关注组织形式，证券法等补充相应交易和市场规则。|不能因基金法是行业总纲，就认定基金业务只适用一部法律；公司型基金的组织规则也不能直接套给契约型基金。|按“产品业务用基金规则，组织结构看组织法，具体交易看市场规则”建立适用顺序。
科目一|监管目标、原则与措施|证监会行政监管包括监督检查、责令改正、监管谈话等；对问题公募管理人还可限制业务、限制分红、要求更换人员或停业整顿等。^^行政处罚针对违法行为依法处罚；司法机关依法采取司法措施。行政机关需申请司法机关的事项不能说成可自行作出司法裁判。|协会纪律处分属于自律管理；罚款、监管谈话、刑事处罚三者性质不同，不可仅因都有惩戒效果就混为一类。|案例先定位“谁处理”，再判断“采取什么措施、依据何种权限”；投资者保护是贯穿监管的主线。
科目一|人民银行与外汇局|人民银行负责组织协调反洗钱、资金监测、制定相关规定、监督检查与职责范围内的可疑交易调查。^^外汇局对QDII外汇资格、额度、资金汇出入及国际收支申报等实施管理；证监会与外汇局按职责共同监管境外证券投资。|反洗钱监管不是保证基金收益；外汇局监管跨境资金不等于承担基金投资决策或份额净值计算职责。|记“人行看洗钱资金链，外汇局看跨境资金流”，机构自身客户尽调和报告义务另行记忆。
科目一|协会自律|沿革：2001年基金公会，2002年证券投资基金业委员会，2007年基金公司会员部，2012年6月6日基金业协会成立。^^普通会员含公募管理人、托管人及符合条件私募管理人；联席为基金服务机构；观察为其他私募管理人；特别含交易所、登记结算机构、指数公司等。同一机构依普通、联席、观察、特别次序选择。|2007年题干对应“基金公司会员部”，不是“基金公会”；独立销售机构是联席会员，指数公司是特别会员。登记备案不是收益背书。|按“早期公会→委员会→会员部→独立协会”串时间；会员记“管托普通、服务联席、其余私募观察、交易指数特别”。
科目一|交易场所自律|证券交易所组织集中交易，对上市、交易行为、会员等实施自律；期货交易所围绕期货合约与交易结算实行规则管理。^^全国股转系统、银行间市场有各自业务范围和自律安排；交易场所与登记结算机构并非同一主体。|上市审查、交易监管、份额登记、资产托管是不同职能；不能把全部交易场所都称为证券交易所。|看到“组织成交”先想到交易场所；看到“登记、清算、交收”再识别对应登记结算机构。
科目一|公募管理人准入与退出|设立公募基金管理公司，注册资本须不低于1亿元且为实缴货币资本，并满足股东、人员、营业场所及内控制度要求。^^管理人解散、撤销、破产属于不同退出情形；退出时须处理存续业务、基金财产和资料交接，保护持有人权益。|公募管理公司的1亿元门槛与私募管理人的1000万元门槛不能混记；管理人退出不等于基金财产可用于清偿其自有债务。|准入按“钱、人、股东、场所系统、制度”五项背；退出按“触发原因—批准程序—财产交接”检查。
科目一|职责、治理与经营|管理人募集备案、分别管理记账、投资、计算净值、分配收益、编制报告，并以管理人名义代表持有人利益行使诉讼等权利。^^治理层次包括股东会、董事会、监事或审计委员会、经理层；独立董事应独立履职，经营决策与监督制衡相配合。|管理人“计算”净值，托管人“复核”净值；股东不得越过治理程序直接干预基金投资，不能把基金财产当作股东资产。|用“决策—执行—监督”画职责表；有计算、投资和编制字样先辨管理职责，有复核监督字样先辨托管职责。
科目一|国际化与风险准备金|风险准备金从管理基金的报酬中计提，可用于赔偿因违法违规、违反合同等导致的基金或持有人损失。^^讲义列示净资产低于5000万元，或可运用流动资产低于2000万元且低于上年营业支出等情形，可触发监管措施及限期改善要求。|风险准备金不是市场亏损保本池；“低于2000万元且低于上年营业支出”中的“且”不能改成“或”。|QDII记境内资金向境外投；风险准备金记“管理报酬提取、特定责任赔偿”，把用途与普通投资损益分开。
科目一|私募管理人登记与退出|实缴货币资本一般不低于1000万元人民币或等值可自由兑换货币；专管创投基金另有规定的从其规定，并审查股权、人员与经营条件。^^管理人登记解决机构身份，产品备案解决基金产品信息；撤销与注销有不同原因和程序，存续基金善后义务仍须履行。|登记成功不等于所有产品已备案，更不代表监管或协会保证投资收益；不得把创投例外推广到所有私募管理人。|做流程题先明确对象是“管理人”还是“产品”，再分登记、备案、变更、注销四类动作。
科目一|私募管理人职责与治理|授权应贯穿募集、研究、投资运作、运营保障和披露等主要环节，明确授权标准、程序和权限。^^外包以可控为原则，建立相应风险管理框架，至少每年开展一次全面外包业务风险评估。|把业务外包不等于把管理责任外包；授权并非口头默许，也不能让不相容岗位因节省人员而失去制衡。|用“谁能做、能做多少、谁复核、如何留痕”检查授权；外包记“有制度、可控制、每年评估”。
科目一|托管准入与独立性|托管人须具备合格人员、安全保管资产条件、业务场所和系统、清算交割能力及内控制度。^^管理人与托管人不得为同一机构，不得相互出资或者持股，基金资产与托管人固有资产分别管理。|托管独立性不只体现为换一个部门；资产交由托管不意味着投资风险由托管银行承担。|记“主体独立、财产独立、人员系统合格”；不要把“托管银行信誉好”理解为基金获得银行担保。
科目一|托管职责与终止|发现尚未执行的违法违规投资指令，应拒绝执行、通知管理人并及时报告；已依交易程序生效的违规指令应及时通知并报告。^^托管人监督投资、办理清算交割、复核净值及相关报告；职责终止后依法审计并妥善交接，保持财产安全和业务连续。|“拒绝执行”与“已生效后报告”对应不同时间状态；托管监督不能替代管理人的选股择券决策。|题目先判断指令“未执行还是已生效”，再匹配拒绝、通知、报告；终止时记“保管不停、审计交接”。
科目一|服务机构范围与准入|销售负责产品推介和申赎服务，销售支付负责资金支付，登记负责账户和份额记录，估值核算机构提供专业核算服务。^^投资顾问、评价、信息技术、律师和会计师等各有服务边界；业务资格应按相应注册、登记或备案规则取得。|取得一种服务资格不代表可以经营所有基金业务；评价机构作排名不等于能代客投资，销售支付不等于拥有客户资金。|将服务链拆为“卖、付、记、算、顾、评、技术、法律审计”，题目按具体工作内容定位机构。
科目一|服务机构业务规范|销售结算资金、基金份额与机构自有财产独立，机构破产清算时不纳入其清算财产。^^履行勤勉、保密等义务，按约定和规则提供服务；已经承诺提供的基金服务业务不得转包或变相转包。|业务合作不当然等于合法转包；保密不因委托结束而当然终止，客户资金也不能临时挪作机构周转。|案例检查三条底线：资金有没有混用、信息有没有泄露、服务有没有违规转包。
科目一|任职、离职与资格管理|董事长、总经理、督察长、分支机构负责人不能履职时，按规定15个工作日内决定代职人，代职不超过6个月，决定后5个工作日内报告。^^拟代行基金经理职责超过30日的，自决定日起3个工作日内报告并作相关披露；离职后的保密和责任追究不因离职自动解除。|代履职的一般高管规则与基金经理规则数字不同；“有从业资格”也不等于可越权担任全部岗位。|分两组记“高管15、6、5；经理超30、报3”，同时记住数字单位是工作日、月或日。
科目一|证券投资申报与执业规范|证券投资申报覆盖本人、配偶及利害关系人，按规定申报账户、持仓和变动，遵循长期投资及利益冲突管理要求。^^转任其他公募管理公司或托管部门的，从任职日起15个工作日内向新任职单位报告基金投资情况。|证券投资申报和基金投资报告是不同口径；经申报不意味着可以利用未公开信息交易，也不能借亲属账户规避限制。|先辨“谁的账户、投资什么、何时报告”；申报解决透明度，禁止行为解决合法性，两道要求同时遵守。
科目一|绩效考核与薪酬|考核应兼顾长期收益、合规、风险管理和投资者利益，避免单纯规模或短期排名导向；薪酬应与长期表现相匹配。^^递延支付把部分薪酬留待后续检验，跟投强化利益一致性，追索扣回用于追究违法违规或不当履职等责任。|递延支付不等于扣罚，跟投不等于保本承诺；短期高收益不能抵销合规问题，也不能保证递延薪酬必定兑现。|三个机制记“以后发、一起投、出问题追回”，分别对应时间约束、利益绑定与责任追究。
科目一|廉洁从业职责|经营机构承担主体责任，将廉洁风险纳入全面风险管理，覆盖投资交易、销售、采购与外部合作等环节。^^每年4月30日前向证监会有关派出机构报送上年度廉洁从业管理情况报告；重大问题按规定另行报告。|廉洁从业不仅针对收礼员工，还涉及机构制度、合作方和业务流程；年度报告不能代替重大事件报告。|用“制度管人、流程管事、报告留痕”串联；案例里既查个人有没有受益，也查机构有没有尽管理责任。
科目一|利益输送禁令|不当利益包括礼金礼品、回扣、违规宴请接待、旅游安排及其他利益安排；需结合目的、对象与业务关联判断。^^正常业务接待仍须符合内部决策程序和费用标准，不能用报销、咨询费或第三方支付掩盖利益输送。|没有直接现金往来也可能构成不当利益；称作“正常商务往来”不能当然免责，关键看是否谋取不正当利益。|沿“谁出钱、谁受益、换来什么、是否合规审批”追踪，不被礼物或费用名目迷惑。
科目一|公募募集与申赎|顺序为申请注册→取得注册文件→6个月内发售→一般不超过3个月募集→验资备案→合同生效；不同产品成立条件分别判断。^^募集失败，管理人以固有财产承担募集债务费用，募集期届满后30日内返还投资款并加计同期存款利息。|注册通过不是合同已生效；募集期购买称认购，成立后购买通常称申购，不能混淆两个价格和收费阶段。|时间链记“获准6个月发售、募集一般3个月、失败30日退款”；先定位题目处在流程哪一步。
科目一|销售与投资者适当性|适当性流程包括了解客户、了解产品、风险分级、匹配销售、风险揭示并留痕；普通投资者获得特别保护。^^法定专业投资者与普通转专业有不同条件，转化不永久固定；判断应核对资产、收入、经验及身份等全部要求。|不得把“签署风险书”当作免除销售责任；适当性匹配不是保证盈利，也不能通过诱导客户修改测评答案实现匹配。|销售案例按“产品是否了解、客户是否识别、风险是否匹配、是否充分告知”四问排查。
科目一|公募投资与交易限制|投资范围和比例同时受法律、合同约束，应落实公平交易，防范不同组合之间或关联方之间的利益输送。^^重大关联交易须提交董事会审议并经2/3以上独立董事通过，董事会至少每半年审查关联交易事项。|关联交易不是一概禁止，但需遵循持有人利益优先、公允价格和审批披露等要求；普通董事比例不能替代独立董事比例。|关联交易记“利益优先、价格公允、独董2/3、半年审查”；把交易是否允许与程序是否合规分别判断。
科目一|信息披露与终止清算|年度报告在年末后3个月内、中期报告在半年结束后2个月内、季度报告在季度结束后15个工作日内编制完成；生效不足2个月可不编当期定期报告。^^终止后依法组织清算，完成资产清理、债权债务处理、剩余财产分配和清算报告，不等于立即把所有资产平均分给持有人。|年度“3个月”、季度“15个工作日”不可互换；终止合同、资产清算、分配财产是不同环节。|时间口诀“年3月、半年2月、季15工作日”；清算顺序记“清资产→清债务→分剩余→作报告”。
科目一|资管计划募集与备案|合格自然人须有2年以上投资经历，并满足家庭金融净资产300万元、家庭金融资产500万元或近3年本人年均收入40万元之一；法人一般看最近1年末净资产1000万元。^^单只固定收益类30万元、混合类40万元、权益及期货衍生品类100万元起投；非标投资等另有100万元要求，不能只看产品名称。|私募资管计划门槛与私募基金“单只100万元、个人300万或年均50万”不同；单一计划可依约不托管不等于无需安全措施。|先判产品体系再背数字，避免把“家庭资产”与“个人金融资产”混用；初始募集规模一般不低于1000万元。
科目一|投向、运作与分级|固定收益、权益、商品及金融衍生品类按主要资产比例分类，不符合单一类别标准的归混合类；开放或封闭按参与退出安排判断。^^非标准化资产强调资产期限与资金期限匹配，分级产品优先劣后风险分担不同，杠杆约束须结合具体类别核对。|投向分类、运作方式与是否分级是三组独立标签；优先级不等于保本，短资金配长期非标可能带来流动性错配。|先画负债端“资金何时退出”，再画资产端“投资何时回收”；错位越大，越需关注流动性安排。
科目一|风险、关联交易与退出|资管计划风险准备金计提比例不低于管理费收入10%，余额达到上季末计划资产净值1%时可以不再提取。^^变更合同依规定和约定履行同意程序并保障退出选择；关联交易管理、净值报告和终止清算持续履行。|10%的分母是管理费收入，1%的分母是上季末计划资产净值；风险准备金用于特定责任损失，不能宣称兜底投资亏损。|计算先写分母：费收入×10%，规模净值×1%；合同变化检查“谁同意、何时告知、不同意能否退出”。
科目一|私募募集边界与流程|单只私募基金投资金额不低于100万元；单位净资产不低于1000万元，个人金融资产不低于300万元或近3年个人年均收入不低于50万元，并具备相应风险能力。^^流程依次落实特定对象确认、适当性匹配、风险揭示、合格投资者确认、合同签署及适用冷静期回访；不得拆分、代持规避门槛。|100万元起投与300万元资产门槛是同时考查的不同条件；房产不直接等于金融资产，“公开宣传后筛选客户”不能补救非公开募集要求。|数字链“单只100、单位1000、个人300或50”；先锁定特定对象，再推介产品。
科目一|基金备案与变更|完成募集后按规定办理产品备案，持续报送真实准确完整信息；基金名称、类型和策略应与实际业务相符。^^完成备案前一般不得开展投资运作，但可为现金管理投资银行活期存款、国债、央行票据、货币市场基金等认可工具。|备案不是行政许可、投资价值认可或收益担保；不能把备案前现金管理例外扩大为股票、长期股权等投资许可。|记“先募集再备案，备案前仅合规现金管理”；重大事项变化要持续更新，备案不是一次填表后永不维护。
科目一|私募基金持续运作|募集、投资、管理、退出全过程落实财产隔离、净值化估值、费用核算、信息披露与报送；策略、合同和实际投向应一致。^^基金不托管须有适用合同约定并明确财产安全制度措施与纠纷解决机制；终止后仍应清算并处理投资者权益。|不能通过备案后短期赎回形成“过桥募集”，也不能以投资者已同意为由挪用资产、利益输送或不履行法定义务。|用“募投管退”四格复盘：钱怎么进、投到哪里、如何估值披露、如何退出分配。
科目一|反洗钱义务与尽调|客户尽调不仅识别名义账户人，还要识别、核实受益所有人，了解业务关系目的、性质及交易背景，并持续关注异常。^^依风险状况采取相适应的尽调措施，建立内控制度、培训和审计监督；可疑迹象出现后按制度升级处理。|风险为本不等于所有客户同样审查，也不等于一有风险便拒绝所有服务；客户是熟人或老客户不能当然豁免尽调。|从“客户是谁、真正受益人是谁、资金为何流转”三问开始，贯穿开户、持续交易与关系终止。
科目一|交易报告、保存与保密|大额报告以达到规定金额等条件为触发，可疑报告以合理怀疑洗钱等风险为触发，两者可能同时适用。^^按本讲义，身份资料自业务关系结束后、交易信息自交易结束后至少保存10年；两个保存起算点不同。|未达到大额标准不代表不需可疑报告；不能向客户泄露可疑报告信息。不得沿用旧讲义的5年保存口径。|记“金额看大额、异常看可疑；身份从关系结束算、交易从交易结束算”，并将报告与保密同时落实。
科目一|合规与基本原则|合规覆盖法律法规、监管规定、自律规则和适用行为准则，贯穿决策、执行、监督及全员执业活动。^^独立性使合规意见不受业务利益不当干预，权威性确保意见能传达落实，有效性要求识别风险并整改。|合规不是合规部门一家的责任；“未被处罚”不等于已经合规，事后补手续也不能当然使原违法行为合法。|看案例中的目标冲突：当收入或规模与合规要求矛盾时，合规底线不能让位于短期经营目标。
科目一|合规职责与保障|董事会审议合规制度和年度报告并考核合规负责人，管理层负责落实，业务部门承担本部门业务合规责任。^^合规负责人及部门独立组织审查、检查、咨询和报告，机构保障人员、经费、知情权与直接报告渠道。|业务经过合规审查不免除业务部门自身责任；合规人员不能因兼任被监督业务而削弱独立性。|责任链记“董事会定监督、管理层抓落实、业务部门直接负责、合规部门独立监督”。
科目一|合规管理活动|事前制定政策、咨询与审查，事中检查和监测，事后报告、整改与跟踪；培训贯穿各阶段。^^投资、销售、披露、反洗钱等均为重点，发现问题需明确责任人、整改措施和期限并验证闭环。|合规咨询不是收益预测，形式上有报告不代表问题已解决；发现问题只口头提醒而不跟踪整改不构成完整闭环。|记“识别→审查→监测→报告→整改→复核”，把培训和制度更新连回业务流程。
科目一|风险管理体系与责任|风险流程为识别、评估、应对、监控与报告；应对可包括规避、降低、转移或在限额内接受风险。^^董事会承担最终责任，管理层组织实施，业务部门承担直接管理责任，风险管理部门提供独立专业支持和监督。|风险管理目标是把风险控制在可承受范围，不是完全消灭风险；投保或对冲也不能把全部责任一并转出。|风险题先问风险来自哪里，再问发生可能性和损失程度，最后选匹配的措施并持续监测。
科目一|市场、信用与流动性风险|市场风险来自股票、利率、汇率等价格不利变化；信用风险不仅有到期违约，还包括评级下降、信用利差扩大。^^流动性风险既包括资产难以按合理价格卖出，也包括资金不足无法满足赎回；集中持仓和期限错配会加剧压力。|有信用评级不等于无信用风险；账面盈利的资产也可能难以变现，流动性良好不意味着价格不波动。|案例：降息或股价变动看市场；发行人偿债恶化看信用；大量赎回被迫折价卖出看流动性。
科目一|操作、声誉及其他风险|操作风险来自内部流程、人员、系统或外部事件，如录单错误、系统故障、欺诈；声誉风险来自负面评价及其影响。^^洗钱和恐怖融资、子公司管控等风险需纳入整体体系，建立预案、权限控制、监测报告和应急处置。|市场正常下跌不自动属于操作失误；操作事件可能进一步引发声誉或法律风险，同一事件可产生多类风险。|沿因果链记“系统故障→交易差错→客户损失→负面舆情”，不要强行把事件只归入一种后果。
科目一|内控层次、目标和原则|三层控制包括岗位自控、部门相互制衡、独立监督；目标涵盖合规、经营效率和信息真实可靠。^^健全性强调覆盖全面，有效性强调执行落实，独立性强调适当分离，相互制约强调制衡，成本效益强调合理投入。|成本效益不等于为了省钱取消必要控制；制度写全不代表有效，部门独立也不等于不沟通。|原则题抓关键词：覆盖→健全，执行→有效，分离→独立，制衡→制约，投入产出→成本效益。
科目一|内控基本要素|控制环境是基础，风险评估识别目标实现的不确定性，控制活动落实授权、核对、岗位分离等措施。^^信息与沟通保障信息及时传递，内部监控评价控制运行并持续改进；五要素互相联系。|“内控原则”与“五要素”不是同一名单；审计监督不能代替日常岗位核对，信息系统建设也不等于全部内控。|记“环境定基调、评估找风险、活动设关卡、沟通送信息、监控促改进”。
科目一|主要业务控制|投研保持独立客观，投资决策与交易执行分离，指令授权、交易复核和异常反馈形成控制链。^^销售核对适当性，披露审核真实性和时效，IT管理权限及备份，会计独立核算，监察稽核独立检查。|基金经理不能越过集中交易和授权制度；紧急交易也不意味着可随意删除记录，技术外包不免除机构控制责任。|沿一笔投资检查“研究依据—决策权限—交易执行—估值入账—披露监督”，逐环寻找不相容岗位。
科目一|职业道德建设|六项核心规范依次为守法合规、诚实守信、专业审慎、客户至上、忠诚尽责、保守秘密，分别约束底线、诚信、能力、利益排序、履职和信息。^^职业道德建设依靠立法、监督、教育、宣传、警示和个人修养，既有外部约束也有自我约束。|职业道德不只是个人品质，也体现于专业行为；遵守法律是底线，不能推断所有合法行为都符合最高职业道德要求。|六字索引“法、诚、专、客、忠、密”；案例先找最直接触犯的义务，再检查有无同时违反其他义务。
科目一|守法合规|学习并遵守法律法规、监管规定、自律规则及机构内部制度；在授权范围内执业，发现违法指令依法依规处理。^^守法合规既包括知法，也包括执行和主动防范违规，不得以不知规定或服从上级作为当然免责理由。|“领导要求”“行业惯例”“客户同意”都不能替代合法依据；内部制度可以提出比最低法定要求更严格的约束。|遇到违法指令先识别、报告并按规定处理，不能先执行后用“只是下属”解释。
科目一|诚实守信|内幕交易利用内幕信息；利用未公开信息交易常涉及未公开的基金交易信息；操纵市场通过不当交易等影响价格或交易量。^^欺诈客户包括虚假陈述、重大遗漏和误导宣传；不正当竞争包括诋毁同业或以不当方式获取业务。|内幕信息与未公开基金持仓交易信息不能不加区分；未实际获利也不能推断不存在违规行为。|分别问“利用了什么信息、怎样影响市场、对客户说了什么”，按行为本质而非收益结果定性。
科目一|专业水准与审慎执业|保持资格和持续学习，具备适岗能力；研究、建议、投资决策须建立在充分调查和合理依据上。^^审慎要求独立客观分析、评估风险并留下必要记录，既不能无依据跟风，也不能盲目依赖第三方报告。|专业审慎不等于预测永远正确；亏损不自动证明失职，但没有调研依据的侥幸盈利也不证明尽责。|案例评价过程而非只看结果：资料是否充分、结论是否合理、风险是否评估、程序是否遵守。
科目一|客户利益优先与公平对待|存在利益冲突时，客户利益优先于机构和从业人员个人利益；交易和分配应公平对待不同客户、不同基金组合。^^充分了解客户目标、风险能力和期限，做好持续服务，不能为佣金或业绩偏向不适合的产品。|公平不是任何情形都机械平均分配，也不代表承诺客户盈利；对大客户优惠不能变成损害其他客户的利益输送。|题目出现抢先交易、优先照顾关系账户、为提成推高风险产品时，重点检查利益排序是否倒置。
科目一|忠诚廉洁与勤勉尽责|对持有人和所在机构忠实履职，妥善处理利益冲突，不利用职务谋取私利或收受不当利益。^^勤勉覆盖研究、投资、交易、风控、运营和监督各岗位；忠诚机构也必须以合法合规和客户利益为前提。|忠诚不等于帮助机构隐瞒违法；不收礼只是廉洁的一部分，懈怠尽调和失职同样违背尽责。|区分“故意谋私”与“疏于履职”，二者都可能违反本规范；不能用维护公司形象为隐瞒问题辩护。
科目一|保密范围与例外|保密对象包括国家、行业、机构、客户秘密和未公开信息，落实最小须知权限，离职后仍承担义务。^^依法公开、依法向监管司法机关提供或经客户允许等例外须符合范围与程序，不能超范围披露其他主体秘密。|客户允许并不授权泄露国家或其他客户秘密；向亲友透露未公开交易也属泄密，离职带走客户资料不能当然合法。|先判断信息归谁、是否公开、谁有权批准、披露给谁及用于何事；不要只问是否有商业价值。
科目一|中国特色金融文化|五组正反表述要成对记：诚实守信/不逾越底线，以义取利/不唯利是图，稳健审慎/不急功近利，守正创新/不脱实向虚，依法合规/不胡作非为。^^金融坚持以人民为中心、服务实体经济；价值导向要落实到治理、投资和服务，而非仅停留在宣传。|“以义取利”不是禁止合理利润，“守正创新”不是拒绝创新；它们强调收益与责任、创新与实体经济相统一。|背诵时用五个动词对照行为：“守信、取利、审慎、创新、合规”，再补各自“不……”的边界。
科目一|行业文化的意义|四个作用是行稳致远的立身之本、服务实体经济的内在要求、资本市场稳定发展的保障、防范金融风险的抓手。^^信义义务是管理人必须恪守的首要原则，要求客户利益优先、诚实守信、勤勉尽责。|行业文化并非只靠公益活动体现；追求规模和短期利润若损害投资者，与文化建设目标相冲突。|把意义对应“行业自身、实体企业、资本市场、金融安全”四个对象，防止只背抽象形容词。
科目一|公募与私募文化实践|公募文化四词为合规、诚信、专业、稳健；具体落实于制度治理、长期考核、投教、声誉管理和社会责任。^^私募十个坚守涉及初心使命、主体责任、合规经营、诚实信用、专业精神、长期理念、声誉约束、廉洁从业、以德立身、行稳致远。|四词公募文化、五组中国特色金融文化、六项职业道德和十个坚守是不同清单，不能混答。|用数量定位：“五组文化、四词公募、六项道德、十个坚守”，再按题干所属体系展开。
科目一|诚信档案与监管|违法处罚等相关信息效力期限按讲义为5年，严重违法失信主体专项公示期为1年；符合条件且材料齐备的查询5个工作日内反馈，更正申请15个工作日内处理。^^禁止采集宗教信仰、基因、指纹、血型、疾病和病史等；证监会及派出机构、行业组织、管理人分别承担监管、自律和内部诚信管理职责。|档案效力期限5年不等于专项公示1年；有错误可依程序申请更正，不代表当事人可自行删除记录。|数字记“效力5年、公示1年、查询5工作日、更正15工作日”，先看题目问的是保存、公开还是办理期限。
科目二|证券投资基金与当事人|基金以集合投资形成独立财产，管理人依合同进行投资，持有人以所持份额享有收益并承担投资风险。^^三方分工：持有人出资并依法行使权利；管理人管理投资与核算；托管人保管财产、清算交割、复核和监督。|销售机构、登记机构、证监会及基金业协会不是基金合同三方当事人；买基金不是把财产变成管理人的自有资金。|记“持有人出资、管理人运作、托管人保管监督”，从三角关系理解后续募集、估值与披露职责。
科目二|特点及品种比较|基金的集合投资与专业管理降低个体研究成本；组合投资降低个别资产风险；独立托管形成财产保管和投资管理的制衡。^^股票体现所有权、债券体现债权债务、基金体现信托关系；收益与风险由基金的实际资产配置决定。|组合投资不能消除所有风险；所有基金都比股票安全、基金收益固定、银行代销即保本等说法均不能成立。|把特点配成四对：“集合/专业、组合/分散、共享/共担、独立/制衡”，比较时先看法律关系再看投向。
科目二|基金起源与全球趋势|1868年英国海外及殖民地政府信托为公认证券投资基金起源；1924年美国马萨诸塞投资信托代表开放式公司型基金。^^全球发展关注基金规模、产品多样化、指数化及跨境投资等变化，国家历史节点与产品机制要对应记忆。|英国是起源地不等于当今规模最大；“首只基金”与“开放式公司型代表”不可交换作答。|两张记忆卡：“英国1868—起源”“美国1924—开放式公司型”，趋势题再看产品与跨境业务。
科目二|中国基金产品演进|保本基金调整为避险策略基金；MOM由管理人组织多个投资顾问与资产单元，FOF则直接投资其他基金。^^QDII、互联互通、基金互认拓宽跨境渠道；基础设施REITs盘活存量资产，科技、绿色、普惠、养老、数字金融拓展服务方向。|避险策略不等于保本保证；MOM的多顾问资产单元与FOF的基金组合不同，跨境产品也不只有QDII。|按“产品创新、管理模式、跨境渠道、服务方向”四类整理，避免把不同维度的名词当成互斥类别。
科目二|基金分类的意义和标准|分类帮助投资者选择、管理人定位、评价机构作同类比较、监管部门制定相应规则。^^运作方式分开放/封闭；策略分主动/被动；法律形式分契约/公司/合伙；资金来源用途另区分在岸、离岸、国际基金等。|按投向分类的80%门槛，其分母在公募基金、私募基金和资管计划中可能不同，不能只记百分比而忽略资产口径。|先读题干“按什么分”，再选择答案；同一基金可同时是公募、开放式、股票型和被动型。
科目二|股票基金与风格|股票资产占基金资产80%以上；市值风格区分大中小盘，价值风格重估值与现金流，成长风格重未来增长。^^个股价格受单一公司和市场影响，基金净值是组合资产扣负债后按份额计算的结果；组合分散降低个股特有风险。|基金净值低不等于便宜、净值高不等于贵；股票基金也会受到整体市场风险，行业集中可能放大波动。|判断风格看持仓市值、估值和增长特征；不要仅凭基金名称或单位净值判断风险和投资价值。
科目二|债券基金特点|债券资产占基金资产80%以上，收益来自利息、债券价格变动及再投资；组合持续买卖和申赎使净值不断变化。^^久期衡量利率敏感性，信用质量与信用利差影响信用风险，集中度与资产可交易性影响流动性。|债券基金没有一只普通债券那样的固定到期还本安排，买债基不等于锁定票息；净值可以下跌。|记“债券有合同现金流，债基有组合净值”；先看久期、信用、杠杆，再判断债基风险。
科目二|货币市场基金|可投现金，1年以内含1年的存款、回购、央票、同业存单，以及剩余期限397天以内含397天的合规债券等。^^不得投股票、可转债、可交换债及信用等级AA+以下债券等；固定净值型常用摊余成本并配合影子定价，浮动净值型按市值反映波动。|固定净值显示不代表保本，7日年化不是未来固定收益；“场内申赎型”不必然允许二级市场买卖。|期限分两组背“存款回购等1年、债券等397天”；产品用途记短期现金管理，同时保留风险意识。
科目二|FOF与养老目标基金|公募FOF把80%以上基金资产投向其他公募基金；目标日期基金随日期临近逐步降低权益比例，目标风险基金围绕特定风险水平配置。^^内部FOF以本管理人基金为主，全市场FOF可跨管理人选基；选基需关注重复持仓、相关性和费用叠加。|FOF买了很多基金也可能集中于相同股票；目标日期基金不是到期保本产品，目标风险不是收益率承诺。|“日期”是随时间调整，“风险”是围绕风险目标调整；FOF分散程度要穿透子基金资产看。
科目二|混合基金|股债等投资比例不符合单一基金类型标准时归混合类；偏股、偏债、股债平衡和灵活配置具有不同配置约束。^^灵活配置赋予管理人一定调整空间，但仍须遵守合同、基准与风险控制；实际风险由权益比例、债券信用和杠杆等共同决定。|混合基金不保证风险永远介于所有股票基金和债券基金之间；“灵活”不表示可任意改变合同投向。|读混合基金先找“股票上限下限、债券类别、业绩基准”，再判断基金经理有哪些调整空间。
科目二|指数基金、ETF与联接基金|指数基金可完全复制或抽样复制；ETF兼有一级市场申赎和二级市场交易，申赎对价依产品规则可含证券、商品及现金替代。^^ETF联接投资目标ETF不低于基金资产净值90%；其管理人不得对联接财产中的目标ETF部分重复计提管理费。|联接90%不能写成FOF的80%；ETF二级市场价格与净值可能偏离，套利仍有交易、时点和执行成本。|ETF价格高于相应申购成本时，可理解为申购再卖出的套利方向；低于对应赎回价值时反向思考，实际须满足申赎条件。
科目二|QDII产品特征|QDII为合格境内机构投资者，境内募集、境外投资；可按单一市场、跨市场、全球市场或计价货币分类。^^风险除证券价格外，还含汇率、国别、新兴市场、跨境流动性与交易结算风险；不同币种份额净值受汇率换算影响。|人民币计价不等于没有汇率风险；QDII与QFII方向相反，境外投资也不等于全部购买美国股票。|记“D境内资金出去、F境外资金进来”；收益需要同时考虑底层资产涨跌与汇率变动。
科目二|基础设施REITs|结构为公募基金加基础设施资产支持证券，基金穿透持有项目产权或经营权；封闭运作并在交易所上市。^^收益分配比例不低于合并后基金年度可供分配金额90%，分母是可供分配金额，不是净利润、收入或净资产。|强制分红比例不保证固定分红金额；经营权类项目有权利期限，二级市场卖出也可能发生价格损失。|现金流链“项目经营→可供分配金额→基金分配→持有人”，注意把会计利润与可分配现金口径区分。
科目二|其他类型与交易模式|LOF可通过场外渠道申赎、场内交易，并通过转托管连接两端；上市封闭式份额持有人在合同存续期内不得申请赎回。^^MOM通常委托两个或以上合格投资顾问，并划分两个或以上独立资产单元，与直接持有其他基金份额的FOF不同。|“可上市买卖”不能推断“可向基金赎回”；ETF并非都只用股票实物对价，具体规则随产品而异。|按“找谁交易”区分：卖给市场其他投资者是买卖，交回基金换取对价是赎回。
科目二|三张主要财务报表|资产负债表是时点存量，利润表是期间收入减费用后的经营成果，现金流量表列经营、投资、筹资现金流。^^权责发生制下确认利润与收付现金可能不同；预收款通常先增加现金和相应负债，不必立即形成收入与利润。|净利润不等于经营现金流；借款增加现金并不增加利润，购置设备通常属于投资活动现金流。|背“时点看家底、期间看盈利、现金看流向”；每笔业务分别追踪资产、负债、利润、现金四个变化。
科目二|财务比率与杜邦分析|流动比率＝流动资产/流动负债；速动比率按题设从流动资产扣存货等后除流动负债；权益乘数＝1/(1-资产负债率)。^^存货周转率＝销售成本/平均存货，应收账款周转率＝销售收入/平均应收账款；ROE拆为利润率×周转率×权益乘数，分别对应盈利、效率、杠杆。|存货周转分子是成本，不是收入；ROE上升可能只是加杠杆，不代表经营改善；利息保障倍数用息税前利润/利息。|算例：ROE15%、利润率5%、周转率2，则权益乘数1.5，负债权益比0.5；先列公式再代入。
科目二|财务舞弊识别|常见手法是虚增或提前确认收入、推迟或少计费用、虚构或高估资产、隐藏或低估负债。^^综合检查收入与应收款、利润与现金流、毛利率与同行、关联交易与会计政策变化，比较多期数据。|单一异常只是线索，不能直接证明舞弊；财务分析能发现问题，不会直接改善经营，也不能单靠杜邦推断发展前景。|“利润很好但现金差”时追应收与收入确认；“负债很少”时查或有负债、关联安排和披露完整性。
科目二|现值、终值与利率|复利贴现PV＝FV/(1+r)^n；年名义利率r、每年计息m次时，有效年利率＝(1+r/m)^m-1。^^实际收益率＝(1+名义收益率)/(1+通胀率)-1，低利率时可近似为名义减通胀；不同期间现金流应统一到同一时点再相加。|利率5%须代入0.05；月利率不能直接搭配年数，实际收益率的精确式不等于简单相减。|例：100元两年5%复利得110.25元，单利得110元；区别在第一年的利息第二年是否继续计息。
科目二|即期与远期利率|即期利率为现在投资至某期限的收益率，远期利率为未来某段期间约定的利率；要明确起点、终点与计息方式。^^按年复利，(1+s₂)²＝(1+s₁)(1+f₁,₂)，故第二年的一年期远期利率＝(1+s₂)²/(1+s₁)-1。|远期利率不能简单用两年即期减一年即期；它反映无套利定价关系，不保证未来实际即期利率等于该值。|画时间线0→1→2，比较“直接投两年”和“先投一年再按远期投一年”的终值。
科目二|随机变量与描述统计|期望为各种结果按概率加权，方差为偏离均值平方的期望，标准差为方差平方根；样本方差常用n-1，须看题设口径。^^协方差看共同变动方向，相关系数＝协方差/(两资产标准差乘积)，无量纲且介于-1与1之间。|方差与标准差单位不同；零相关只排除线性相关，不能一般推出独立；相关系数也不表示因果关系。|例：收益10%与-10%各一半，期望0但风险不为0；均值相同不表示波动相同。
科目二|资本结构与权利|债务资本按约定支付利息和偿还本金，债权人在清算中通常先于股东；权益资本分享剩余收益并承担剩余风险。^^负债利息可能带来税盾，但杠杆增加偿债压力和财务困境成本；现金流量权、表决权可因证券类别或安排而不同。|股东有剩余索取权不意味着优先受偿；杠杆提高可能提高ROE也可能放大亏损，不是越高越好。|分蛋糕顺序看债权与权益；经营收益先满足债务要求，剩余才属于股东。
科目二|股票、存托凭证与可转债|普通股通常有表决权和剩余分配权；优先股在约定分红、清算顺序等方面优先；存托凭证代表境外证券的权益。^^转股比例＝面值/转股价格，转股价值＝股价×转股比例；赎回是发行人权利，回售是投资者权利，转股依约由持有人选择。|优先股不代表所有权利都优先；可转债到价不必当然自动转股，需区分选择权和触发条款。|例：面值100、转股价10，对应10股；股价12时转股价值120。先算比例，再与债券价格及条款比较。
科目二|股本变动与收益风险|配股、增发通常带来新增融资，送股、拆股主要调整份额或股本结构，回购减少流通股数量并使用公司资金。^^股票总收益包括股息与资本利得；系统性风险来自整体市场，非系统性风险来自单一公司或行业等特有因素。|送股、拆股不凭空创造总财富；除权后的价格下降不能直接当作同等幅度投资亏损。|假设1股100元拆成2股，理论上每股50元，持仓总值仍100元；比较收益须同时调整股数和价格。
科目二|基本面与技术分析|基本面按宏观经济、行业竞争与周期、公司财务经营层层分析；技术分析主要研究价格、成交量等市场行为。^^技术分析三假设为市场行为涵盖信息、价格沿趋势运动、历史会重演；方法是否有效取决于市场条件和信息反映程度。|技术图形不是必然预测，基本面估值也不是即时价格保证；技术分析与弱式有效市场的关系应结合信息集合判断。|基本面问“值多少、为什么”，技术分析问“价格量能怎样变化”；案例先识别使用的是哪类信息。
科目二|绝对估值与相对估值|绝对估值折现未来股利或现金流；稳定增长股利模型P₀＝D₁/(r-g)，要求r>g且满足稳定增长假设。^^相对估值PE＝价格/EPS，PB＝价格/每股净资产；需匹配可比公司的行业、增长、风险和会计口径。|股利模型分子是下一期股利D₁，不是直接用D₀；亏损企业PE失去常规比较意义，低倍数不自动代表低估。|例：D₁为2、r10%、g5%，理论值40；模型对r与g很敏感，先验证假设再计算。
科目二|债券条款、收益与风险|债券条款包括面值、票面利率、期限、付息方式、担保及嵌入权利；收益由利息、买卖价差与利息再投资组成。^^可赎回债允许发行人在约定条件下提前偿还，回售债允许持有人按约定卖回；利率下降时发行人赎回动力常增强。|债券票息不等于实际投资收益率；发行人赎回权可能限制投资者价格上涨收益，并带来再投资风险。|先背“谁拥有权利”：赎回给发行人，回售给投资者；再沿现金流分析对价格和风险的影响。
科目二|债券主要风险|利率风险是市场收益率上升导致固定现金流现值下降；再投资风险是收回的利息或本金只能以更低利率再投。^^信用风险含违约及评级恶化；通胀侵蚀购买力，流动性不足增大变现成本，提前赎回改变现金流期限。|利率下降有利于现有固定利率债价格，却不利于利息再投资；信用评级高也不能消除利率风险。|记“价格和再投资方向相反”：利率升，价格跌、再投利率好；利率降，价格涨、再投利率差。
科目二|中国债券市场体系|银行间债券市场、交易所市场、商业银行柜台市场在参与者、交易方式和登记托管结算安排上不同。^^利率债通常以政府信用等为基础，信用债需要分析发行人偿债能力、担保与信用利差；同一发行人也可有不同条款债券。|银行间市场不是证券交易所的一部分；利率债不代表价格不变，信用债也不能仅凭票息高低判断风险。|按“在哪里交易、谁参与、谁托管结算、风险如何定价”四列梳理债券市场。
科目二|债券估值与收益率|价格P＝各期票息现值之和＋到期本金现值；市场收益率高于票面利率时普通附息债通常折价，反之溢价，相等时平价。^^当期收益率只比较年票息与当前市价，到期收益率综合票息、价差和到期现金流；已实现复合收益还取决于再投资条件。|当期收益率忽略资本利得及时间价值；计算YTM要按付息频率统一每期利率、票息与期数。|年息5、价格95，当期收益率5/95≈5.26%；这还没计到期回到面值的价差，因此不能直接当YTM。
科目二|久期、凸性与期限结构|普通零息债麦考利久期等于期限，普通附息债一般小于期限；年付息修正久期D*＝D/(1+y)，多次付息须按每期收益率调整。^^ΔP/P≈-D*Δy，1基点＝0.01%；凸性补充曲线弯曲影响。收益率曲线可为上升、下降、水平或拱形。|久期近似式输出价格变动比例而非金额；收益率升100基点须代0.01，不能代100。含权债不能机械套用普通债结论。|例：D*=4，收益率升0.5个百分点，价格约跌2%；利率变动大时还要考虑凸性近似误差。
科目二|货币工具与回购|回购实质是以证券作安排的短期资金融通：正回购方先取得资金，逆回购方先提供资金；到期按约返还。^^质押式回购证券所有权不转移，买断式回购在首期交易转移所有权；短债、商业票据、同业存单等按发行主体和信用区分。|正逆名称从交易方自身看，不等于市场上涨或下跌方向；期限短、抵质押充分也不代表完全没有信用和流动性风险。|现金箭头流入自己→正回购；流出自己→逆回购。先画两期现金与证券交换方向再判断。
科目二|衍生工具特征|远期、期货、期权、互换价值依赖股票、利率、汇率、商品等基础变量；可用于套保、套利或投机。^^常有跨期性、杠杆性和复杂风险，场内一般更标准化，场外更定制化并关注对手方信用风险。|不是所有衍生合约都具有同样的权利义务；期权买方有权利，远期期货通常双方均负履约义务。|先识别“标的—合约类型—交易场所—多空方向”，再分析收益和风险，避免只凭杠杆二字判断全部特征。
科目二|远期与持有成本定价|远期由双方约定未来某日按约定价格交易，通常非标准化且在场外成交，条件可定制。^^无收益资产按相应复利口径，远期价反映现价和融资成本；有持有收益时扣除其影响，有储存成本时加上。|签约时的远期交割价格不等于合约之后的市场价值；无套利理论价不等于对未来现货价格的保证预测。|无收益资产现价100、年利率5%，一年简单情形远期理论价105；通过“买现货并融资持有”理解成本。
科目二|期货制度与功能|期货合约标准化，在交易所交易；保证金担保履约，每日无负债结算按每日结算价结算盈亏并调整保证金。^^担心未来买入价格上涨可买入套保，担心未来出售价格下跌可卖出套保；规模、期限和标的相关性需要匹配。|保证金不是最大损失上限；套期保值降低风险但仍有基差、期限和数量匹配误差，不能保证完全对冲。|未来要买→怕涨→买期货；手里有货要卖→怕跌→卖期货。把现货损益与期货损益并排看。
科目二|期权分类与多空盈亏|看涨到期买方损益＝max(S-K,0)-权利金，看跌＝max(K-S,0)-权利金；卖方损益为对应买方的相反数。^^看涨盈亏平衡点K+权利金，看跌K-权利金；裸卖看涨理论损失可无限，普通非负标的裸卖看跌损失有上限但可能很大。|买方最大损失为权利金不等于卖方最大损失也相同；是否行权看内在价值为正，不必等到总交易盈利。|看涨K100、权利金5：到期S103应行权但净亏2，S110净赚5；区分行权收益与扣费后损益。
科目二|期权价值与影响因素|期权价值＝内在价值＋时间价值；看涨内在价值max(S-K,0)，看跌max(K-S,0)，到期时剩余时间价值为0。^^其他条件相同，标的价格上升利于看涨、不利于看跌；执行价格上升相反，波动率上升通常提高普通期权价值。|期权实值不等于持有者净盈利；剩余期限、利率、分红影响需区分欧式美式与看涨看跌，不可全部记成同方向。|把标的价与执行价画成天平：看涨希望S高K低，看跌希望S低K高；不确定性更大提升选择权价值。
科目二|互换类型|利率互换通常在同一币种名义本金基础上交换固定与浮动利息，一般不交换本金；货币互换涉及不同币种的本金和利息安排。^^股票收益互换一方支付股票或指数收益，另一方支付固定或浮动现金流；具体是否净额结算按合同。|利率互换的名义本金不等于实际转移本金；互换改变风险敞口，但仍有对手方、市场和流动性风险。|记“利率换息、货币换币、股票换收益”，再看每期由谁支付哪种现金流。
科目二|另类投资优势与局限|另类资产与传统股债相关性可能较低，可拓宽收益来源；不动产、商品、对冲基金等具有不同风险驱动。^^常见限制包括流动性较低、信息不透明、估值不频繁、结构复杂、管理费及业绩报酬较高。|低相关不等于负相关或永远分散有效；估值少导致账面波动小不代表真实经济风险小。|比较时看“钱多久能取、价格多久更新、费用怎样收、风险来自哪里”，不能只看历史回报。
科目二|大宗商品投资|商品包括能源、金属、农产品，受供需、库存、季节、地缘因素等影响；可通过实物、期货、相关企业股票或基金参与。^^期货持仓需关注到期移仓，远近月价差会形成展期收益或成本；商品公司股票还叠加公司经营风险。|商品期货收益不等于现货价格涨幅；购买黄金矿业股不等于直接持有黄金，经营和股票市场风险仍在。|按“现货涨跌＋合约展期＋资金收益”理解期货投资，再把公司股票的经营因素单独列出。
科目二|不动产投资|直接投资取得物业，间接投资可通过有限合伙、基金或REITs；回报通常由租金现金流和出售增值组成。^^风险受地段、出租率、租约、维护费用、融资成本、政策与估值影响，具有固定性、异质性和交易成本高等特征。|两处物业不能仅凭面积视为同质；上市REITs份额流动性较好不意味着底层不动产容易快速出售。|估算回报先看租金减运营成本，再看融资和退出价格；区分经营现金流与账面资产升值。
科目二|对冲基金与策略|股票多空同时持多头与空头；事件驱动围绕并购重组等事件；相对价值利用价格关系偏差；宏观策略判断利率、汇率等宏观趋势。^^通常面向特定投资者，策略较灵活，可运用杠杆、卖空和衍生工具，收费常含管理费与业绩报酬。|名字含“对冲”不保证风险低或市场中性；市场中性策略也仍有模型、流动性、杠杆和对手方风险。|先识别利润源：公司方向、多空价差、事件兑现或宏观走势；再问用了何种杠杆和退出限制。
科目二|基准与证券指数|价格加权受股价影响，市值加权受市值影响，等权赋予样本相等初始权重；指数需要样本选择、基期、基点和维护规则。^^价格指数主要反映价格变动，全收益指数计入分红再投资；业绩比较须保持总收益和价格收益口径一致。|指数点位不是基金份额净值；高价股在价格加权指数中权重大，不必是市值最大；纳斯达克100排除金融企业。|比较基金与指数先问“是否含分红、什么权重、覆盖哪个市场”，不直接拿两个点位高低比较涨幅。
科目二|基准分类与选择|SAMURAI七项：明确性、适当性、可衡量性、无歧义性、反映当前投资见解、责任归属、可投资性。^^总收益可分市场、风格、主动管理效应；与市场风格不同的基金应选择匹配风格的基准，不能靠不合适基准夸大能力。|绝对收益基准是目标不是保底；基金涨幅高于大盘未必有选股能力，可能只是行业或风格暴露不同。|科技成长基金优先找匹配科技成长特征的基准；先剔除市场与风格影响，再评价主动管理贡献。
科目二|标准化与定制化流程|标准化先形成产品策略，再由投资者选择；定制化首要任务是了解并量化客户目标与限制，不是直接建立组合。^^定制流程分规划、执行、反馈：形成预期和政策说明书，实施建仓调仓，监控、评价并再平衡。|投资管理不是一次制定比例后永久不变；先做战略配置再问客户需求，颠倒了定制化流程顺序。|记“先问需求→形成政策→建仓执行→反馈调整”，再平衡属于持续管理而非重新销售产品。
科目二|组织分工与投资流程|投资决策委员会负责总体投资决策，研究部门分析证券与市场，投资部门按授权构建组合，交易部门集中执行并反馈。^^集中交易、岗位分离、授权限额和异常监测共同控制操作与利益冲突风险，绩效评估反馈到策略调整。|交易员不能随意改变基金经理的投资目标和数量；独立执行不是拒绝沟通，异常情况应及时报告。|一笔投资顺序“研究建议→投资决策→交易执行→风险和业绩反馈”，每一步既有权限也有留痕责任。
科目二|均值方差与分散化|两资产预期收益w₁E₁+w₂E₂；方差w₁²σ₁²+w₂²σ₂²+2w₁w₂σ₁σ₂ρ，相关性越低通常越有分散空间。^^可行集中同等风险收益最高或同等收益风险最低的组合构成有效前沿；投资者以偏好选择其上的组合。|组合标准差通常不是各资产标准差直接加权；“证券数量多”不等于分散充分，完全正相关削弱分散效果。|50%投10%收益资产、50%投4%资产，组合期望7%；风险还要知道两者标准差和相关系数才能计算。
科目二|CAL、CML与CAPM|CAL是无风险资产与某风险组合的配置线，CML使用市场组合；SML按β为单项证券及组合给出要求收益。^^CAPM的β＝Cov(Ri,Rm)/Var(Rm)，β=1与市场同等系统性敏感度，β=0不代表一定没有总风险。|CML横轴为标准差，适用于有效组合；SML横轴为β。不能用某证券总波动直接代替CAPM中的β。|Rf3%、市场期望9%、β1.2，要求收益＝3%+1.2×6%=10.2%；先算市场风险溢价再乘β。
科目二|系统性风险与套利定价|系统性风险来自宏观经济、市场利率等共同冲击，同市场内持股分散不能完全消除；个别公司风险可通过组合降低。^^套利定价理论以多个共同因子解释收益，预期收益由各因子风险暴露与风险溢价组合而来，不限于单一市场因子。|β只刻画相对市场的系统性敏感度，不是总风险；APT不等于保证任何所谓价差交易均无风险。|把收益想成“多个共同因子贡献＋个体因素”；分散主要削弱个体部分，共同冲击仍会影响组合。
科目二|市场有效性与行为金融|弱式有效反映历史价格和交易量，半强式反映全部公开信息，强式反映公开及非公开信息；三个信息集合逐级包含。^^行为偏差包括过度自信、损失厌恶、锚定、心理账户和羊群行为等，有限理性与套利限制可能影响价格。|市场有效不等于价格永远不波动、所有投资者都理性；弱式有效下不能仅靠历史价格持续取得异常收益，但不直接否定基本面信息价值。|记“历史→公开→全部”；行为题先辨是过度相信自己、不愿认亏、依赖参考点还是盲从他人。
科目二|指数跟踪与跟踪误差|跟踪偏离度为每期基金收益减基准收益，跟踪误差为这些收益差的标准差；完全复制、抽样或优化复制影响偏离来源。^^现金留存、费用、分红、成分调整、交易冲击、申赎与执行时点都可能产生跟踪差异。|跟踪误差低不保证每期跑赢，也不代表总风险低；基金持续每期落后固定幅度，其平均偏离非零但跟踪误差可很小。|例：连续三期都落后1个百分点，跟踪误差为0，累计表现仍落后；区分“差多少”与“差值是否稳定”。
科目二|主动股票与债券组合|主动股票管理通过选股、择时、行业和风格配置寻求超额收益；债券管理调整久期、期限结构、信用、流动性和杠杆。^^现金流配比使资产各期现金流匹配负债支付；久期配比匹配资产负债久期，但不要求每笔到期期限相同。|主动管理并非保证超额收益；免疫策略控制特定利率风险，不代表消除信用、流动性及所有曲线变化风险。|预期利率上升通常缩短久期，预期下降通常延长；有固定支付义务时先看现金流与负债匹配。
科目二|战略与战术配置|战略资产配置依据长期收益目标、风险能力和约束设定比例；战术配置根据短期估值或市场判断暂时偏离长期比例。^^核心卫星以稳定核心配合主动卫星，风险平价关注各资产风险贡献而非资金均分，再平衡把组合调回目标安排。|战术调整不是任意改变长期目标；50%股票和50%债券不一定各承担一半风险，资金权重与风险权重不同。|把战略看成长期路线，战术看成阶段调整；价格变化导致比例偏离后，再平衡决定如何恢复纪律。
科目二|可持续投资与ESG|E为环境，如气候、资源、污染；S为社会，如劳动、客户、供应链；G为治理，如董事会、薪酬、股东权利和合规。^^策略包括ESG整合、负面或正面筛选、主题投资、影响力投资、积极所有权；积极所有权通过投票和沟通推动改变。|ESG高评级不保证高收益，也不等于环保一项好就全面好；不同评级因数据、权重和方法可得不同结论。|用“环境影响、人与社会、公司怎样治理”分类；区分排除某些资产、选择主题、参与治理三种动作。
科目二|指令驱动与保证金交易|市价指令重成交及时性但价格不确定，限价指令约束最差价格但可能不成交；止损指令达到触发条件后按规则转为执行指令。^^融资为借钱买证券，融券为借证券卖出；杠杆放大损益，价格不利变动可触发追加保证金或强制平仓。|限价买入设最高愿付价，限价卖出设最低愿卖价；止损触发价不保证实际成交价，融券损失可能随上涨扩大。|两条线分开记：“指令管怎么成交，保证金管履约风险”；卖空先卖后买回，不是先买后卖。
科目二|最佳执行与交易成本|最佳执行综合价格、费用、速度、成交和结算可能性、数量及市场条件；不能只选择报价看似最优却无法成交的方案。^^显性成本包括佣金、税费等，隐性成本包括买卖价差、市场冲击和机会成本；交易延误也可能损失机会。|成交价优于指令限价不代表综合执行一定最好；低佣金不等于低总成本，过快大单成交可能放大冲击。|大单拆分可减少冲击，但拖延增加价格变动和未成交风险；比较的是综合结果而非单个费用。
科目二|算法交易|TWAP按时间安排交易，VWAP参照市场成交量分布安排交易；算法输入包括目标量、时间窗、价格约束和参与率等。^^策略在市场冲击、机会成本和成交完成率之间权衡，需实时监控异常市场及系统风险。|算法交易不等于自动赚钱或无须人工风控；TWAP不是保证每笔价格相同，VWAP也不保证必定优于市场均价。|记“TWAP跟时间、VWAP跟量”；市场突然变动时仍应按权限和风控要求调整或暂停执行。
科目二|交易管理与风险控制|交易前检查权限、限额、合规与资金证券条件，交易中复核指令并监控异常，交易后核对成交、结算与执行质量。^^集中交易使投资决策和执行相分离，交易员执行授权指令并及时反馈，风险和绩效信息回流至组合管理。|交易员独立不是有权擅自改变投资方向或数量；异常指令不能仅因来自基金经理就不经检查执行。|背“三段控制：前审、中控、后核”，任何修改都应遵守授权与记录要求。
科目二|投资风险及传导|市场、信用、流动性、操作等风险可交叉传导；风险管理持续识别、测量、监控、控制并报告。^^净值下跌可能引发赎回，赎回迫使折价出售，折价出售又压低净值，形成流动性负反馈。|某一种风险指标无法覆盖全部风险；风险已经分散也不等于极端行情中资产相关性不会上升。|用箭头画“冲击→亏损→赎回→折价卖出→进一步亏损”，措施需同时考虑资产端和资金端。
科目二|事前、事后与风险指标|事前分析基于当前持仓、风险因子和未来情景，事后分析基于已实现收益；方差、标准差和跟踪误差可在不同方法下用于两者。^^波动率衡量总风险，β衡量系统性敏感度，跟踪误差衡量相对基准风险；指标比较须统一期间与频率。|不能把某一指标名称永久限定为只事前或只事后；年化标准差与月收益率不能直接搭配作风险调整。|先问要回答“总体波动、相对市场敏感还是偏离基准”，再选择σ、β或跟踪误差。
科目二|主动比重与下行风险|主动比重＝1/2×Σ持仓权重与基准权重差的绝对值，衡量配置不同程度；最大回撤为期间先峰后谷的最大跌幅。^^下行标准差只关注低于目标收益的偏离；最大回撤描述损失幅度，不描述这种损失发生的次数。|主动比重高不保证收益高；最大回撤必须有时间顺序，不能用先出现的最低点与后来最高点倒算。|净值1→1.2→0.9→1.1，最大回撤(1.2-0.9)/1.2=25%；即使期末盈利仍经历了显著回撤。
科目二|VaR、ES与压力测试|VaR是给定持有期和置信水平的损失分位数，常用参数法、历史模拟、蒙特卡洛估计；ES衡量超过VaR阈值的尾部平均损失。^^压力测试设定极端但有意义的市场、信用或流动性场景，关注组合承压结果，通常不等同于为每一情景赋精确概率。|VaR不是绝对最大损失；99%置信水平不意味着剩余1%的损失大小已被限制，尾部仍可能远超VaR。|例：1日95% VaR为100万元，指模型下损失不超过100万元的概率约95%；ES进一步问剩余尾部平均损失多大。
科目二|按基金类型管理风险|股票基金看集中度、行业与风格；债基看久期、信用与杠杆；货基看平均剩余期限、剩余存续期、回购融资及信用质量。^^指数基金看跟踪误差，ETF还关注申赎清单及交易机制，QDII关注汇率、国别、海外市场和跨境结算风险。|不能用跟踪误差概括货基全部风险，也不能用股票基金的β替代债券信用分析；基金名称不能代替实际持仓检查。|做选择题用“股看集中、债看久信、货看期限、指看跟踪、跨境看汇率”快速定位再核对选项。
科目二|评价目的与偏差|评价应统一比较期间、费用、分红口径和基准，并分析规模、风格、市场环境与风险暴露。^^幸存者偏差来自只保留仍存续基金而排除清盘等失败样本，可能高估历史平均业绩；样本选择也会改变结论。|短期冠军不能证明长期能力，绝对盈利不等于跑赢基准；选择性展示漂亮时段会误导评价。|评价先问“和谁比、比多久、是否同风险、是否含费用和失败样本”，再看排名。
科目二|绝对收益与加权方法|持有期收益考虑期末价值、期初价值及期间收入；时间加权将外部现金流切分子期，再将(1+r)相乘减1；资金加权为现金流IRR。^^算术平均为收益率求和除期数；几何平均＝累计增长因子的n次方根减1，反映复合增长。|上涨50%再下跌50%并非回本，累计为-25%；基金分红后净值下降不能直接记成投资损失。|时间加权较好剔除投资者申赎时点影响，资金加权反映资金进出体验；计算题先识别题目问哪一种。
科目二|相对收益与捕获率|算术超额收益为基金收益减基准，几何相对收益为增长因子相除减1；两者数值通常不同。^^上行捕获率在基准上涨子期评价跟涨能力，下行捕获率在下跌子期评价抗跌表现，聚合及年化按题目约定。|上行120%是相对基准上行表现比例，不是基金绝对赚120%；下行60%通常指跌幅为基准60%，不是亏损60%。|例：基准涨10%、基金涨12%，上行比例120%；基准跌10%、基金跌6%，下行比例60%。
科目二|风险调整收益|夏普分母σ为总风险，特雷诺分母β为系统风险，信息比率分母为跟踪误差且分子减基准；索提诺＝(收益-最低可接受收益)/下行标准差。^^本讲义卡玛＝(区间收益-区间无风险收益)/区间最大回撤；各公式分子分母应统一期间，风险或回撤为零时不可直接相除。|不要把所有分子都写成减无风险收益；负超额收益、负β等情形不宜机械用“数值越大越好”排名。夏普与特雷诺并非数值必然相等。|例：收益12%、无风险2%、σ20%、β1、基准8%、跟踪误差5%，夏普0.5、特雷诺0.1、信息比率0.8。
科目二|选股与择时能力|选股通过选择低估证券获得收益，择时通过调整市场敏感度或资产配置捕捉走势；风险管理是重要基础能力。^^詹森α＝Rp-[Rf+β(Rm-Rf)]；T-M模型以市场超额收益平方项刻画择时，H-M模型区分涨跌市场敏感度。|α是相对CAPM要求收益的超额部分，不是单纯Rp-Rm；一次α为正不足以证明可持续能力或统计显著性。|例：Rp12%、Rf2%、Rm10%、β1，α2%；若β1.5，CAPM要求14%，相同12%收益的α变为-2%。
科目二|业绩归因|BHB配置贡献Σ(wp-wb)rb，选择贡献Σwb(rp-rb)，交互贡献Σ(wp-wb)(rp-rb)，三者合计解释算术超额收益。^^BF配置以分类基准收益减整体基准收益；债券归因关注利息、利率、信用等因素，Campisi适用于债券组合。|权重差乘分类基准收益看配置，收益差乘基准权重看选择；不能把基金权重与基准权重随意替换。|基准股债70/30、基金85/15，分类基准11%/2.5%，配置贡献15%×11%-15%×2.5%=1.275个百分点。
科目二|基金风格分析|持仓型分析从实际证券行业、市值、估值等识别风格；收益型分析用历史收益与风格指数的关系推断暴露。^^产品合同确定允许范围，经理决策形成实际风格；持续偏离原定位可能构成风格漂移并改变投资者承担风险。|持仓只是一时快照，历史收益反映的是过去；基金名称或最近一次涨幅不能完整代表风格。|把“合同约定—实际持仓—收益表现”三者对照，寻找是否一致以及漂移原因。
科目二|管理人综合评价|综合看治理结构、股权稳定、投研团队、投资流程、风险与合规、运营系统、信息披露和客户服务。^^人员更迭、关键人物依赖、产品规模与策略容量、长期业绩一致性都影响持续管理能力。|明星经理一只产品的短期好成绩不能代表整个管理人；规模大也不必然意味着每种策略都更有效。|以“组织能否复制能力、制度能否约束风险、服务能否持续”评价平台，而非只追逐单一排名。
科目二|基金评价业务体系|评价原则为长期、公正、全面、客观、一致、公开；先按同类风险和策略分类，再测收益、风险及风险调整结果。^^评价方法、数据口径、期间和结果解释应一致透明，防范利益冲突和选择性展示，不把评级当作未来保证。|基金评价、基金销售和投资建议不是同一种业务；评级最高不等于适合每位投资者，也不等于下一期仍领先。|评价流程记“分类→指标→风险调整→解释”，与个人选择时的目标期限和风险能力再结合。
科目二|GIPS与收益口径|全球投资业绩标准追求业绩展示真实、完整、可比，强调规范业绩计算与披露；总收益包含收入与资本利得。^^时间加权以子期收益几何连接，按规定扣交易费用，采用权责发生制与交易日会计；具体遵循适用组合和披露要求。|符合业绩标准不意味着获得保本或业绩认证；时间加权不是简单算术平均，交易费用不能从成本中遗漏。|记“总收益、时间加权、几何连接、扣交易费、权责和交易日”，先核对口径再比较业绩。
科目二|募集、合同生效与认购|募集期购买为认购，达到条件后验资备案、确认合同生效；募集失败按规定退款并计息，债务费用由管理人固有财产承担。^^采用外扣法：净认购金额＝认购金额/(1+费率)，认购费＝总额-净额，认购份额＝(净额+有效利息)/面值。|外扣费用不是直接用总认购金额×费率；募集利息不是认购费，认购面值也不同于成立后申购净值。|例：认购10100元、费率1%、无利息、面值1元，净额10000元、费用100元、份额10000份。
科目二|不同产品认购|普通开放式、封闭式、ETF、QDII和基础设施基金认购渠道、对价、份额安排不同；ETF可依规则现金或证券认购。^^QDII份额可使用人民币、美元或其他主要外汇货币计价；基础设施基金还有战略配售、网下发售等安排。|不要把普通开放式认购公式不加调整地套到证券认购；计价货币不等于底层资产全部使用同一货币。|先圈产品类型，再找“认购金额还是份额、现金还是证券、币种及利息”，最后计算。
科目二|交易、申赎与巨额赎回|一般开放式基金金额申购、份额赎回、未知价；申购外扣净额＝总额/(1+申购费率)，份额＝净额/申请日净值；赎回净额＝份额×净值×(1-赎回费率)。^^一般净赎回超过上一开放日总份额10%为巨额赎回；净额应考虑申购及适用转换流入流出，按规则全额或部分延期办理。|“超过10%”不能写成“达到10%”；申请日要结合业务截止时间、交易日及合同规则确定，不按自然日随意取净值。|题目先算净赎回再除上一开放日总份额；赎回费以赎回总金额为基础，不是以买入成本为基础。
科目二|转换、非交易过户及特殊申赎|基金转换一般涉及转出赎回费及适用的申购费差额；非交易过户包括继承、司法执行等导致份额权属变化。^^ETF、LOF、货币和QDII基金在对价、申报、确认与结算上有各自规则，须核对具体品种与市场。|转换不等于免费交易，非交易过户也不是普通市场买卖；同为场内基金不意味着都可同日买卖或同日赎回。|判断先分“买卖交易、申赎、转换、非交易过户”四种业务，再查相应费用、时点和权属变化。
科目二|私募资管计划参与退出|非公开向合格投资者募集，按合同约定开放期参与退出；初始募集规模一般不低于1000万元。^^集合计划初始募集期一般不超过60天，专投未上市企业股权的可按规则至12个月；份额转让也需审查受让方适格性。|封闭期不能想当然随时赎回；转让给他人不是绕开合格投资者要求的渠道，参与计划与买公募流程不同。|先看合同“开放何时、退出如何、转让条件”，再辨认募集期、存续期和清算期。
科目二|私募证券基金募集备案|履行特定对象确认、风险匹配、风险揭示、合格资格审查和签约等程序；完成募集后按规定申请备案。^^募集材料应真实、准确、完整，申赎转让遵守合同与规则，不能用份额拆分、代持或拼单降低实际投资门槛。|管理人已登记不等于该基金已备案；允许投资者主动咨询也不等于允许在公共渠道向不特定对象推介私募。|把“机构登记”和“产品备案”写在不同阶段；看题目是否在对象、金额或宣传方式上规避边界。
科目二|份额登记与资金结算|登记机构办理基金账户、份额登记、交易确认、权益记录及相关过户；申赎结算处理对应资金收付。^^管理人计算申赎价格和净值，托管人复核；登记数据、资金流水和基金账务需核对一致。|提交申请不等于已确认份额，确认也不等于现金已经到账；登记机构不是决定投资组合或保证收益的主体。|时间链“申请→确认→份额登记→资金结算”，具体日期随业务规则，不把每个动作都当作T日完成。
科目二|场内交易结算|清算计算应收应付证券与资金，交收完成实际划转；中国结算负责相关登记结算，交易所负责组织交易。^^分级结算按结算参与人与客户等层级办理；共同对手方介入双方，货银对付让证券交付与资金支付互为条件，净额结算降低交收量。|成交、清算和交收不是同一时点；净额结算不等于免去全部违约风险，交易所也不是所有证券资产的托管人。|记“清算算账、交收交货付款”；先画投资者、券商、登记结算机构的层级再辨责任。
科目二|费用与除权除息|交易成本包括佣金、过户费、经手费、监管费及适用税费，计算需核对收费主体、方向、基数和题设期间。^^简化除权参考价＝(前收盘价-每股现金红利+配股价×配股比例)/(1+送转比例+配股比例)，适用时按题设条款处理。|除权参考价不是保证实际成交价；费用已包含与另计的项目不能重复相加，股数调整后不能只比每股价格。|例：前价12、每股派1、每股送1且无配股，理论除权除息价(12-1)/2=5.5，总权益须加现金红利再比较。
科目二|银行间交易制度与结算|做市商提供双边报价，结算代理为符合条件客户办理相关结算服务，公开市场一级交易商参与央行公开市场操作。^^中央结算公司、上海清算所按各自业务范围提供托管清算结算服务；现券、质押回购、买断回购、远期、借贷有不同流程。|做市商、结算代理、一级交易商是不同业务身份；银行间交易不能直接套用交易所集中竞价与结算规则。|按“报价成交、代理办理、央行对手方”区分三种制度，再看证券和现金通过哪个系统交收。
科目二|期货期权与港股通|结算准备金是未被合约占用的保证金，交易保证金已被合约占用；期货每日结算盈亏并按规定追加或释放资金。^^中金所实行会员及分级结算，交易会员与结算会员权限不同；港股通经境内证券公司与交易服务公司向联交所申报，港币报价、人民币交收。|交易会员不当然具备直接与中金所结算资格；人民币交收不表示没有港币汇率风险，交易日与交收日须分别判断。|记“准备金待用、交易保证金占用；港股看港币报价、人民币交收”，按市场分别梳理交易结算制度。
科目二|海外交易与QDII结算|境外投资要考虑当地交易日、时区、货币、交收周期和托管链，境内管理人可依法委托境外顾问，托管人可安排境外托管。^^委托境外机构不免除境内管理人与托管人的法定责任，应选择、监督受托方并管理跨境操作与对手方风险。|海外市场的交易和结算周期不必等同境内；多一层托管并不意味着全部风险自动转移或资金可即时回流。|沿“境内投资者→境内管理托管→境外服务方→当地市场”逐段核对责任、时点和币种。
科目二|资产净值与估值责任|总资产包括现金及各类投资资产，负债包括应付费用、税费、融资等；资产净值＝总资产-总负债，份额净值再除总份额。^^管理人是估值第一责任人，计算后交托管人复核，委托外部估值服务机构仍须保留自身审查与责任。|总资产不是净资产，份额净值不是基金资产规模；已计提未支付费用仍是负债，不能遗漏。|例：资产160万元、负债8万元、份额100万份，资产净值152万元、份额净值1.52元。
科目二|估值方法及差错|活跃市场可取得相同资产报价时优先用报价；采用估值技术优先使用可观察输入，只有无法取得或不切实可行时才使用不可观察输入。^^讲义计价错误达到0.25%需及时报告，达到0.5%需公告；侧袋把特定资产分离清算，暂停估值和差错处理依规则与合同执行。|0.25%报告不等于0.5%公告；估值技术变更、计价错误、货基影子定价偏离是不同事项，不能只因数字相同混用规则。|估值先问“有无可靠市场价”，再选技术；遇阈值题先写事项名称再写比例和后续动作。
科目二|费用承担与计提|投资者交易费用包括认购、申购、赎回等；基金财产列支管理费、托管费、销售服务费等适用运营费用。^^基础管理、托管、销售服务费通常以前一日基金资产净值为基数逐日计提、按月支付；日费用＝前日净值×年费率/当年实际天数。|使用前日而非当日净值；逐日计提不等于每日实际付款，365天不能套闰年，百分比需转换小数。|例：前日净值1亿元、年费率0.365%、365天，每日计提1000元；应付未付的计提费用仍降低净值。
科目二|基金会计特点|每只基金作为独立会计主体独立建账，以人民币为记账本位币，按权责发生制、适用会计准则及估值规则核算。^^会计年度通常为公历1月1日至12月31日，证券交易、费用、收益、份额变动分别入账；管理人主要负责、托管人复核。|管理公司利润与基金利润不是同一本账；认购申购资金增加基金净资产，但不因此直接计为投资经营利润。|会计按“资产负债、收入费用、份额变动”分开，避免把持有人出资当作基金赚到的钱。
科目二|基金财务报告分析|主要报表为资产负债表、利润表、净值变动表，分析持仓结构、份额变化、持有人结构、利润及收益分配能力。^^净值规模变化可能来自投资损益或申赎，两者经济含义不同；持有人集中会影响赎回和流动性管理。|基金规模变大不必然是收益好，可能只是新申购；企业存货周转率等不宜机械套用于基金。|先拆“收益推动还是资金流推动”，再看资产配置变化、费用负担及持有人集中度。
科目二|利润构成与分配|本期利润＝已实现收益＋未实现收益；已实现收益＝本期利润-公允价值变动损益；期末可供分配利润取未分配利润与其中已实现部分孰低。^^普通开放式可现金分红或红利再投资；封闭式采用现金分红，分配后净值下降，现金分红一般不改变持有份额数量。|分红不是额外凭空创造收益；正的公允价值变动不自动全可分配，可供分配利润不能直接等于本期利润。|例：每份净值1.2、派现0.1，理论除息净值1.1，持有人合计仍1.2；再投资则用分红换成新增份额。
科目二|货币基金收益权益|普通货基当日申购从下一交易日起享收益，当日赎回从下一交易日起不享收益；周五普通申购通常不享周五及周末收益。^^周五普通赎回通常仍享周五、周六、周日收益；遇节假日应顺延到下一交易日，并辨认具体品种的特殊规则。|下一交易日不是下一自然日；场内特殊货基、快速赎回安排不能未经辨认直接套普通货基规则。|画“确认前后权益归属”时间线：节前最后开放日买入通常要等节后，节前赎回通常仍覆盖假期。
科目二|基金与投资者税收|先区分基金自身投资与投资者持有基金两层，再区分个人与机构、证券交易与基金份额交易、价差与分红收入。^^税费计算应明确纳税人、税目、税基、税率、买卖方向及适用期间；历史题按题设所采用的口径处理。|股票交易印花税规则不能直接套到基金申赎；“基金相关收入全部免税”或“所有投资者同税率”都过于绝对。|用六栏“谁缴、什么行为、哪种税、按什么金额、什么税率、何时规则”，比孤立背一个税率更可靠。
科目二|披露作用、原则与禁止行为|披露帮助价值判断、风险防范、提升市场效率；内容要求真实、准确、完整、及时，表达应便于理解和取得。^^禁止虚假记载、误导性陈述、重大遗漏，禁止违规预测收益、承诺收益、诋毁其他机构和选择性披露。|不说假话但遗漏重大风险仍可能违规；历史业绩真实也不能配以暗示未来保本的表达。|看材料时同时查“有无假、有无漏、是否迟、是否误导”，不能只核对一个收益数字。
科目二|管理人与托管人义务|管理人编制并披露净值、招募说明书、定期和临时报告等；托管人复核相关净值、申赎价格和报告并出具意见。^^管理人或托管人自身发生规定重大事件时应各自履行披露义务，不能仅等待另一方披露。|托管人复核不免除管理人责任；管理人完成披露也不意味着托管人无须披露自身重大事项。|记“管理人编制、托管人复核；各自重大事项各自负责”，与估值计算责任保持对应。
科目二|募集披露文件|基金合同规定当事人权利义务与运作框架；托管协议细化管理托管职责；招募说明书详述产品、运作、费用和风险。^^产品资料概要以简明信息辅助理解产品，投资者应结合完整文件判断，注册通过只说明履行相应程序。|招募说明书不是收益保证书，产品资料概要不是替代全部合同条款；管理人与托管人的协议也不是持有人所有权利的唯一依据。|文件定位口诀“合同定权责、托管定分工、招募讲全貌、概要供速览”。
科目二|净值、偏离度与定期报告|季度报告于季度结束后15个工作日内，中期报告于上半年结束后2个月内，年度报告于年末后3个月内披露；年度报告信息量大并需审计。^^普通基金关注资产净值、份额净值、累计净值；货基关注每万份收益、7日年化及影子定价偏离，正负偏离阈值与处置要求不同。|7日年化不是未来一年承诺收益，累计净值不是复利再投资收益率；货基偏离度与普通基金净值计价错误不能混用。|期限记“季15工作日、中2月、年3月”；读货基数字时先分“当天每万份收益”与“近期收益年化”。
科目二|临时、澄清与清算公告|可能影响持有人权益或份额价格的重大事件须按规定临时披露，如大会决议、终止、管理托管人变更、重大诉讼及达到阈值的净值错误。^^市场传闻可能产生误导时依法澄清；基金终止后形成清算报告并按规定披露，不以最后一期定期报告代替全部清算信息。|定期报告不能代替应及时披露的重大事项；澄清不是任意发布主观业绩预测，清算也不等于无须继续披露。|三类公告分别回答“出了什么大事、传闻是否属实、终止后资产怎样处理”。
科目二|特殊基金披露|QDII补充境外投资顾问、境外托管与国别汇率风险；ETF披露申购赎回清单等与交易机制有关的资料。^^基础设施基金重点披露项目运营、原始权益人、经营现金流及有关风险，帮助投资者理解底层项目表现。|特殊披露是在通用要求上增加针对性内容，不是可免除普通披露；基金名称创新不能掩盖重要底层风险。|按产品特性找增量：“跨境看海外，ETF看申赎，REITs看项目运营”，让披露和风险一一对应。
科目二|私募基金披露|依法律、自律规则和基金合同向投资者披露投资运作、资产负债、收益分配、费用及可能影响权益的重要事项。^^向协会等报送与向投资者披露有不同对象和目的；信息应真实准确完整，保密要求与合法披露并行。|私募非公开不等于可以不向投资者披露；也不能为宣传而把适用私募资料向不特定公众公开推介。|把“给投资者看、向自律组织报、向公众宣传”分开，先明确接收对象再判断是否合法充分。
科目二|投资者分类与需求|个人与机构按主体性质分，专业与普通按适当性保护分类，合格投资者按特定产品准入要求判断。^^投资目标包括收益与风险，投资限制涉及流动性、期限、税收、法律法规和特殊需求；长期目标还须考虑通胀与实际购买力。|机构不当然属于所有产品的专业或合格投资者；收益目标高不代表风险承受能力高，短期用款限制也不能忽略。|先列目标，再列“五限制：流动性、期限、税、法、特殊”，把愿望与现实财务条件分开。
科目二|风险能力、意愿与适当性|承担能力取决于资产收入、负债、期限、流动性需求和损失吸收空间；意愿体现主观态度，两者需分别评估。^^投资者C1-C5与产品R1-R5分级后进行适当性匹配，结合经验和目标，保留测评、告知及销售记录。|敢冒险不等于扛得住损失；签署承诺不能让销售机构免责，主动要求高风险产品也不能跳过适用告知和程序。|案例：退休者口头愿赌高收益，但近期需医疗资金，能力可能偏低；先分析现金流和期限再看主观偏好。
科目二|销售渠道与策略|直销由管理人直接服务，代销包括银行、证券、保险、独立销售等合规渠道，各有客户、网点、专业和服务优势。^^营销4P为产品、价格、渠道、促销；递减赎回费通过费用结构引导长期持有，策略需符合产品特点及投资者需求。|营销促销不等于承诺收益或排名；渠道广不代表产品适合所有客户，低费率也不是唯一选择标准。|4P逐项问“卖什么、收多少、在哪卖、怎样沟通”，每一项都受真实宣传与适当性约束。
科目二|销售业务规范|明示身份、介绍产品、充分揭示风险，按规定办理申赎并保护投资者资金与信息，持续记录关键销售过程。^^不得预测未来业绩或承诺保本收益，不得私下接受客户资金、擅自代客操作、泄露交易信息或误导风险测评。|客户授权不能使违法行为合法；从业人员个人账户不是合法销售收款渠道，风险揭示不能被高收益宣传抵销。|案例检查“身份真、话术真、钱走正规渠道、测评不诱导、信息不外泄”五条。
科目二|服务与投资者教育|售前帮助了解产品和需求，售中提供交易指导与风险提示，售后提供信息、账户查询、投诉处理及持续沟通。^^投资者教育包括投资决策、资产配置和权益保护，引导理解长期投资、分散风险、费用与合法维权途径。|投教不是推销特定高收益产品，售后服务不是保证不亏；处理投诉不能擅自隐瞒事实或泄露其他客户资料。|用“买前懂、买时明、买后有回应”记服务全过程；投教既教怎么选，也教如何识别风险和维护权利。
